,TimeReviewed,Solar_Power_Generation( Kw),LUX Level(lx),Panel_Temp( C),Temp( C),Solar Irradiance(W/m2),weekday,day_type
0,01-01-2018,0.344000012,54,0,26,0,0,1
1,02-01-2018,38.13199997,59,60.20000076,26,9811,1,0
2,03-01-2018,36.70600128,38,60.79999924,26,9057,2,0
3,04-01-2018,27.84199905,49,58.40000153,26,9289,3,0
4,05-01-2018,35.29700089,52,54.20000076,26,8579,4,0
5,06-01-2018,33.57699966,47,55.70000076,26,8359,5,0
6,07-01-2018,10.12699986,45,53.59999847,26,7776,6,1
7,08-01-2018,34.33300018,50,51.40000153,26,8551,0,0
8,09-01-2018,37.70100021,52,52.5,26,8856,1,0
9,10-01-2018,31.55900002,38,43.70000076,26,10812,2,0
10,11-01-2018,37.81000137,49,55.79999924,25,10554,3,0
11,12-01-2018,19.24600029,29,42.09999847,26,4565,4,0
12,13-01-2018,29.34499931,64,54.79999924,26,8885,5,0
13,14-01-2018,0.30399999,65,55.40000153,27,9943,6,1
14,15-01-2018,0.316000015,60,57.79999924,27,9672,0,0
15,16-01-2018,33.06100082,52,53.70000076,27,9012,1,0
16,17-01-2018,25.25399971,43,48,27,7915,2,0
17,18-01-2018,35.62900162,57,52,27,9464,3,0
18,19-01-2018,36.44200134,63,51.5,26,9729,4,0
19,20-01-2018,34.43899918,58,56.59999847,26,9720,5,0
20,21-01-2018,12.34200001,57,55.20000076,26,9072,6,1
21,22-01-2018,31.48800087,58,56.20000076,26,8818,0,0
22,23-01-2018,31.04000092,42,56.79999924,26,8660,1,0
23,24-01-2018,31.96500015,48,58.70000076,26,8539,2,0
24,25-01-2018,32.32099915,49,58.09999847,27,8959,3,0
25,26-01-2018,11.89500046,52,56.29999924,27,8578,4,1
26,27-01-2018,31.77300072,54,56.90000153,27,8949,5,0
27,28-01-2018,11.44900036,48,55.29999924,27,8410,6,1
28,29-01-2018,33.35100174,60,53.70000076,27,9044,0,0
29,30-01-2018,34.34799957,56,54.90000153,27,9398,1,0
30,31-01-2018,34.37799835,58,57.09999847,27,9257,2,0
31,01-02-2018,35.00999832,65,56.40000153,27,9748,3,0
32,02-02-2018,35.06299973,65,55.59999847,27,9518,4,0
33,03-02-2018,35.63600159,65,53.79999924,27,9513,5,0
34,04-02-2018,13.30900002,64,58,27,9585,6,1
35,05-02-2018,34.68399811,63,57.20000076,27,9278,0,0
36,06-02-2018,35.77099991,61,60.40000153,27,9939,1,0
37,07-02-2018,32.37599945,36,59.09999847,28,10210,2,0
38,08-02-2018,40.45800018,53,60,27,11016,3,0
39,09-02-2018,35.88000107,58,62.59999847,27,9593,4,0
40,10-02-2018,34.39599991,58,59.79999924,27,9947,5,0
41,11-02-2018,5.355000019,61,57.09999847,27,9508,6,1
42,12-02-2018,37.38800049,47,53.59999847,27,10097,0,0
43,13-02-2018,36.14300156,46,53.70000076,27,9534,1,0
44,14-02-2018,39.82799911,47,54.5,27,10034,2,0
45,15-02-2018,43.125,61,53.20000076,27,10245,3,0
46,16-02-2018,34.51800156,55,55.5,28,9786,4,0
47,17-02-2018,39.8030014,64,59.5,27,9937,5,0
48,18-02-2018,3.049999952,59,57.5,27,10003,6,1
49,19-02-2018,37.69100189,65,55.90000153,27,10001,0,0
50,20-02-2018,41.23899841,62,54,27,9678,1,0
51,21-02-2018,41.91899872,61,54.20000076,27,9676,2,0
52,22-02-2018,42.12900162,63,55.20000076,27,9843,3,0
53,23-02-2018,41.86500168,62,56.70000076,27,9809,4,0
54,24-02-2018,42.66600037,61,55.20000076,27,9772,5,0
55,25-02-2018,3.048000097,65,60,28,10411,6,1
56,26-02-2018,39.37400055,65,61.79999924,28,10097,0,0
57,27-02-2018,42.38299942,65,56,27,10891,1,0
58,28-02-2018,41.80500031,65,59.5,32,9960,2,0
59,01-03-2018,40.77000046,65,59.09999847,32,10035,3,0
60,02-03-2018,36.33000183,65,59.20000076,32,10044,4,0
61,03-03-2018,37.06399918,65,56.20000076,27,8505,5,0
62,04-03-2018,3.186000109,65,60.79999924,29,9897,6,1
63,05-03-2018,39.93799973,65,62.90000153,28,9908,0,0
64,06-03-2018,39.75500107,64,60.70000076,28,9785,1,0
65,07-03-2018,40.8219986,65,62.40000153,27,10110,2,0
66,08-03-2018,39.72900009,65,57.09999847,27,9938,3,0
67,09-03-2018,32.9280014,65,58.90000153,28,9999,4,0
68,10-03-2018,35.2879982,61,53.09999847,28,8738,5,0
69,11-03-2018,3.358999968,55,55.70000076,28,9259,6,1
70,12-03-2018,41.50400162,62,54.70000076,28,9944,0,0
71,13-03-2018,42.63100052,65,47.59999847,28,9176,1,0
72,14-03-2018,38.09999847,51,50,27,7836,2,0
73,15-03-2018,46.81999969,61,61,27,12568,3,0
74,16-03-2018,41.27799988,61,65.5,26,11050,4,0
75,17-03-2018,42.09899902,65,62.90000153,27,12022,5,0
76,18-03-2018,5.137000084,24,63.90000153,27,10402,6,1
77,19-03-2018,41.70100021,24,60,27,9982,0,0
78,20-03-2018,43.20299911,61,62.09999847,28,9465,1,0
79,21-03-2018,37.19300079,58,63.59999847,27,9280,2,0
80,22-03-2018,41.58000183,52,62.40000153,27,9148,3,0
81,23-03-2018,36.35599899,51,61.79999924,28,8860,4,0
82,24-03-2018,41.03300095,52,62.79999924,28,9221,5,0
83,25-03-2018,3.006000042,56,58.40000153,29,9462,6,1
84,26-03-2018,43.8409996,58,59.70000076,29,10187,0,0
85,27-03-2018,37.61299896,63,64.5,28,10399,1,0
86,28-03-2018,38.50799942,59,62.90000153,28,9499,2,0
87,29-03-2018,35.94800186,51,62.70000076,28,9238,3,0
88,30-03-2018,34.23699951,52,63.09999847,28,8918,4,0
89,31-03-2018,36.20199966,51,59.70000076,28,8881,5,0
90,01-04-2018,2.914000034,52,62.29999924,29,9397,6,1
91,02-04-2018,34.86199951,50,61.79999924,29,9609,0,0
92,03-04-2018,36.75099945,51,64.59999847,28,9644,1,0
93,04-04-2018,37.98600006,57,63.90000153,28,10286,2,0
94,05-04-2018,37.23400116,57,63.5,28,10274,3,0
95,06-04-2018,36.4640007,51,64.69999695,28,10042,4,0
96,07-04-2018,40.93000031,57,59.70000076,28,9931,5,0
97,08-04-2018,2.944000006,65,60.5,29,10605,6,1
98,09-04-2018,40.65299988,65,60.20000076,30,10529,0,0
99,10-04-2018,43.41400146,63,62.59999847,28,10974,1,0
100,11-04-2018,45.90999985,60,62.90000153,28,11302,2,0
101,12-04-2018,45.19800186,57,61.59999847,28,10557,3,0
102,13-04-2018,40.22600174,56,63,28,10865,4,0
103,14-04-2018,0.182999998,65,64,29,11158,5,0
104,15-04-2018,7.073999882,57,58.40000153,29,8872,6,1
105,16-04-2018,39.65599823,55,62.20000076,29,11185,0,0
106,17-04-2018,37.38499832,65,60.20000076,29,10264,1,0
107,18-04-2018,38.92399979,55,66.59999847,28,11128,2,0
108,19-04-2018,40.24700165,55,63.09999847,27,9799,3,0
109,20-04-2018,39.63399887,56,64,27,9652,4,0
110,21-04-2018,43.76599884,64,64.19999695,27,10056,5,0
111,22-04-2018,5.837999821,56,61.5,26,9589,6,1
112,23-04-2018,44.19300079,60,65.59999847,27,10019,0,0
113,24-04-2018,38.13299942,57,63.70000076,25,9531,1,0
114,25-04-2018,36.84500122,56,64.19999695,27,9680,2,0
115,26-04-2018,37.07899857,55,62.5,27,9094,3,0
116,27-04-2018,38.38800049,46,63,27,9051,4,0
117,28-04-2018,37.89899826,53,63,28,9890,5,0
118,29-04-2018,6.235000134,61,65.69999695,29,10354,6,1
119,30-04-2018,37.13899994,54,62.5,29,8891,0,0
120,01-05-2018,9.430999756,56,53.90000153,29,7223,1,1
121,02-05-2018,36.68000031,43,61.09999847,29,9059,2,0
122,03-05-2018,37.52899933,56,64.69999695,33,9730,3,0
123,04-05-2018,43.3429985,54,60.59999847,28,9935,4,0
124,05-05-2018,36.68600082,58,61.40000153,28,9930,5,0
125,06-05-2018,6.548999786,37,62.5,28,8457,6,1
126,07-05-2018,36.98699951,59,65.80000305,29,10258,0,0
127,08-05-2018,35.68199921,57,62.59999847,29,8261,1,0
128,09-05-2018,43.04700089,65,67.69999695,28,13398,2,0
129,10-05-2018,43.22900009,59,63.40000153,28,10103,3,0
130,11-05-2018,38.38399887,62,65.90000153,28,10662,4,0
131,12-05-2018,39.88700104,58,65.19999695,29,9154,5,0
132,13-05-2018,2.842000008,64,63.5,28,9585,6,1
133,14-05-2018,43.74499893,56,59,28,10482,0,0
134,15-05-2018,39.08399963,53,61.20000076,27,9518,1,0
135,16-05-2018,40.89099884,60,65.80000305,27,10844,2,0
136,17-05-2018,43.62900162,53,66,27,10429,3,0
137,18-05-2018,36.18899918,54,65.09999847,28,9275,4,0
138,19-05-2018,40.29700089,46,58.09999847,28,8991,5,0
139,20-05-2018,6.184000015,54,60.79999924,28,8829,6,1
140,21-05-2018,34.73199844,53,58.09999847,28,8340,0,0
141,22-05-2018,42.79600143,65,63.40000153,28,10665,1,0
142,23-05-2018,38.50999832,53,59.90000153,27,8497,2,0
143,24-05-2018,41.22800064,50,60.40000153,27,8929,3,0
144,25-05-2018,28.20999908,53,46.29999924,27,5462,4,0
145,26-05-2018,39.55500031,62,65.19999695,27,10942,5,0
146,27-05-2018,3.852999926,65,60.40000153,28,9842,6,1
147,28-05-2018,42.0719986,64,58.09999847,28,10798,0,0
148,29-05-2018,45.59899902,65,53.20000076,27,10022,1,0
149,30-05-2018,38.13700104,57,54,27,8934,2,0
150,31-05-2018,38.63499832,57,57.29999924,27,9400,3,0
151,01-06-2018,35.81800079,48,55.90000153,28,7348,4,0
152,02-06-2018,35.91600037,57,61.20000076,27,8463,5,0
153,03-06-2018,3.499000072,56,54.29999924,28,10926,6,1
154,04-06-2018,45.70000076,38,50.79999924,28,9233,0,0
155,05-06-2018,41.54100037,63,56.20000076,27,10195,1,0
156,06-06-2018,42.27600098,58,56.09999847,27,10795,2,0
157,07-06-2018,40.48199844,61,49.40000153,27,9948,3,0
158,08-06-2018,42.48099899,38,46.09999847,27,9545,4,0
159,09-06-2018,42.82300186,60,44.90000153,28,10367,5,0
160,10-06-2018,5.664000034,52,47.90000153,28,9738,6,1
161,11-06-2018,38.72200012,61,46.29999924,28,8602,0,0
162,12-06-2018,42.36199951,36,47.70000076,27,10498,1,0
163,13-06-2018,37.95299911,53,47.70000076,27,8620,2,0
164,14-06-2018,14.0710001,15,29.39999962,26,2649,3,0
165,15-06-2018,36.75099945,65,50.59999847,27,8118,4,0
166,16-06-2018,33.86700058,57,60.79999924,27,9818,5,0
167,17-06-2018,3.506999969,60,43.79999924,27,6096,6,1
168,18-06-2018,48.08300018,62,52.29999924,27,9921,0,0
169,19-06-2018,51.54199982,60,47.79999924,27,9343,1,0
170,20-06-2018,30.70700073,31,43.59999847,27,5166,2,0
171,21-06-2018,45.08200073,62,51,27,11456,3,0
172,22-06-2018,47.02799988,57,50,27,9755,4,0
173,23-06-2018,41.22200012,58,54.59999847,26,10145,5,0
174,24-06-2018,3.380000114,56,49,27,10105,6,1
175,25-06-2018,41.0340004,63,49.79999924,27,9579,0,0
176,26-06-2018,38.1969986,42,44.5,27,7919,1,0
177,27-06-2018,35.41600037,41,44.5,27,8200,2,0
178,28-06-2018,35.91199875,37,46,27,8080,3,0
179,29-06-2018,40.56700134,43,53,26,10792,4,0
180,30-06-2018,35.53699875,60,56.29999924,27,9522,5,0
181,01-07-2018,6.254000187,45,60.09999847,27,9448,6,1
182,02-07-2018,39.96699905,63,62.79999924,27,10322,0,0
183,03-07-2018,34.01100159,26,56.29999924,27,6713,1,0
184,04-07-2018,39.80400085,57,57.09999847,26,10385,2,0
185,05-07-2018,42.64799881,55,58.40000153,27,9132,3,0
186,06-07-2018,41.57600021,58,49.29999924,27,9306,4,0
187,07-07-2018,36.73099899,41,48.90000153,27,10722,5,0
188,08-07-2018,3.990999937,38,48.09999847,27,9729,6,1
189,09-07-2018,40.83100128,30,47.40000153,27,7187,0,0
190,10-07-2018,42.5340004,48,49.09999847,26,10001,1,0
191,11-07-2018,23.07299995,23,30.79999924,27,4531,2,0
192,12-07-2018,41.10900116,56,45.5,26,8644,3,0
193,13-07-2018,45.45500183,57,48.5,27,10481,4,0
194,14-07-2018,45.5340004,65,50.29999924,27,10408,5,0
195,15-07-2018,4.113999844,58,52.29999924,27,9947,6,1
196,16-07-2018,23.87800026,21,35.70000076,28,5262,0,0
197,17-07-2018,40.76900101,48,47.20000076,27,10626,1,0
198,18-07-2018,46.82699966,41,49.79999924,26,12581,2,0
199,19-07-2018,44.93999863,39,43.20000076,27,9992,3,0
200,20-07-2018,40.85499954,64,43.5,26,9523,4,0
201,21-07-2018,36.42599869,37,45,27,8263,5,0
202,22-07-2018,9.973999977,53,49.90000153,27,8939,6,1
203,23-07-2018,41.02299881,39,52.29999924,27,10343,0,0
204,24-07-2018,42.43299866,58,50.59999847,27,10408,1,0
205,25-07-2018,43.06999969,54,57.20000076,27,10371,2,0
206,26-07-2018,37.44800186,2,48,27,8801,3,0
207,27-07-2018,35.89699936,41,47.70000076,27,8173,4,0
208,28-07-2018,37.54299927,54,52.79999924,28,10117,5,0
209,29-07-2018,3.243000031,55,52.20000076,30,9390,6,1
210,30-07-2018,36.93000031,41,49.90000153,27,8679,0,0
211,31-07-2018,40.57099915,55,48,27,9062,1,0
212,01-08-2018,41.97200012,56,51,28,10165,2,0
213,02-08-2018,40.74700165,10,51.70000076,28,9297,3,0
214,03-08-2018,41.45000076,34,54.09999847,28,9949,4,0
215,04-08-2018,36.57899857,34,49.59999847,27,8457,5,0
216,05-08-2018,3.709000111,39,55.79999924,27,9404,6,1
217,06-08-2018,41.14699936,35,48.90000153,27,10516,0,0
218,07-08-2018,39.4280014,40,49.70000076,27,9808,1,0
219,08-08-2018,34.48300171,30,46.20000076,27,7640,2,0
220,09-08-2018,50.04499817,47,52.40000153,27,10758,3,0
221,10-08-2018,46.77299881,61,55.70000076,27,10885,4,0
222,11-08-2018,22.04800034,24,39.70000076,26,4456,5,0
223,12-08-2018,3.552000046,44,51.29999924,26,11117,6,1
224,13-08-2018,44.02899933,62,48.29999924,26,10977,0,0
225,14-08-2018,43.7859993,45,48.40000153,27,10798,1,0
226,15-08-2018,3.039000034,65,48.09999847,26,11254,2,1
227,16-08-2018,44.05199814,62,43.29999924,26,10153,3,0
228,17-08-2018,36.69200134,63,48.90000153,26,10763,4,0
229,18-08-2018,42.0320015,65,46.40000153,27,9140,5,0
230,19-08-2018,3.453000069,37,51.29999924,27,7729,6,1
231,20-08-2018,43.27600098,46,48.90000153,27,9786,0,0
232,21-08-2018,44.88600159,62,49.20000076,27,9669,1,0
233,22-08-2018,41.00500107,63,61.20000076,26,10786,2,0
234,23-08-2018,38.03900146,64,60.70000076,26,11000,3,0
235,24-08-2018,41.60300064,63,58.79999924,26,10036,4,0
236,25-08-2018,37.29299927,57,58.5,26,9279,5,0
237,26-08-2018,5.745999813,61,63.09999847,27,9794,6,1
238,27-08-2018,41.66199875,65,55,27,11318,0,0
239,28-08-2018,40.74100113,65,57.70000076,26,10905,1,0
240,29-08-2018,41.34899902,51,56.70000076,26,10795,2,0
241,30-08-2018,45.37099838,63,61.20000076,26,10806,3,0
242,31-08-2018,36.50600052,37,52.20000076,27,8058,4,0
243,01-09-2018,36.6780014,60,53.5,26,9219,5,0
244,02-09-2018,3.319999933,59,59.5,27,9798,6,1
245,03-09-2018,46.40100098,65,62.79999924,27,10865,0,0
246,04-09-2018,41.66199875,65,59,26,9780,1,0
247,05-09-2018,39.57400131,65,57.20000076,26,9617,2,0
248,06-09-2018,38.67900085,65,61.5,26,11045,3,0
249,07-09-2018,37.9280014,65,53.59999847,27,9918,4,0
250,08-09-2018,43.58599854,65,61.09999847,27,10355,5,0
251,09-09-2018,3.796000004,65,61.09999847,27,10204,6,1
252,10-09-2018,37.1969986,65,62.79999924,27,10032,0,0
253,11-09-2018,37.77799988,65,63,28,9954,1,0
254,12-09-2018,41.67399979,61,62.79999924,28,9628,2,0
255,13-09-2018,0,61,57.90000153,28,9487,3,0
256,14-09-2018,41.49300003,60,60.5,28,10901,4,0
257,15-09-2018,34.86999893,65,62.29999924,28,9605,5,0
258,16-09-2018,4.846000195,43,58.59999847,28,9974,6,1
259,17-09-2018,36.28699875,54,58.79999924,28,10659,0,0
260,18-09-2018,43.88600159,31,60.79999924,28,10426,1,0
261,19-09-2018,51.83000183,63,59.20000076,27,10344,2,0
262,20-09-2018,43.36999893,58,60.29999924,27,9818,3,0
263,21-09-2018,43.65399933,58,56.70000076,27,9881,4,0
264,22-09-2018,48.49900055,65,65,28,11019,5,0
265,23-09-2018,6.206999779,24,65.40000153,28,10522,6,1
266,24-09-2018,49.56999969,60,65.5,28,11031,0,0
267,25-09-2018,39.07099915,63,62.40000153,27,10184,1,0
268,26-09-2018,43.63999939,61,66.59999847,28,10066,2,0
269,27-09-2018,38.18799973,52,63.29999924,27,10428,3,0
270,28-09-2018,41.84899902,30,62.70000076,27,10998,4,0
271,29-09-2018,46.01200104,42,57.59999847,27,11807,5,0
272,30-09-2018,3.051000118,44,65,28,10718,6,1
273,01-10-2018,43.8030014,42,61.5,28,10405,0,0
274,02-10-2018,45.0379982,2,64.19999695,28,11532,1,1
275,03-10-2018,40.85900116,36,64.19999695,28,11066,2,0
276,04-10-2018,27.56200027,19,41.29999924,27,6432,3,0
277,05-10-2018,45.59700012,41,55.20000076,27,12672,4,0
278,06-10-2018,43.93399811,44,49.29999924,27,11678,5,0
279,07-10-2018,3.012000084,48,56.70000076,27,12685,6,1
280,08-10-2018,40.4620018,35,58.5,27,10289,0,0
281,09-10-2018,34.38999939,32,54.90000153,27,7480,1,0
282,10-10-2018,36.8409996,39,64.19999695,27,9470,2,0
283,11-10-2018,43.68999863,2,64.19999695,27,9947,3,0
284,12-10-2018,36.80099869,33,64.69999695,27,9455,4,0
285,13-10-2018,35.62900162,30,61,27,9545,5,0
286,14-10-2018,3.322999954,33,62.59999847,27,9601,6,1
287,15-10-2018,41.76399994,36,63.40000153,26,10110,0,0
288,16-10-2018,38.68299866,35,56.20000076,26,9697,1,0
289,17-10-2018,40.93999863,39,60.5,26,11117,2,0
290,18-10-2018,0,2,55.90000153,26,8480,3,0
291,19-10-2018,5.110000134,2,63.09999847,26,9884,4,0
292,20-10-2018,7.521999836,2,63.20000076,26,9676,5,0
293,21-10-2018,3.24000001,2,60.79999924,26,10005,6,1
294,22-10-2018,39.40399933,38,57,26,10432,0,0
295,23-10-2018,40.29899979,47,58.29999924,26,9981,1,0
296,24-10-2018,41.36899948,44,59.90000153,27,10112,2,0
297,25-10-2018,42.31499863,44,57.09999847,27,10025,3,0
298,26-10-2018,39.16899872,43,51.59999847,27,9485,4,0
299,27-10-2018,39.3219986,45,54.09999847,28,9464,5,0
300,28-10-2018,4.382999897,46,57.40000153,28,9741,6,1
301,29-10-2018,37.72000122,44,60.90000153,28,10026,0,0
302,30-10-2018,33.13700104,46,61.90000153,28,9180,1,0
303,31-10-2018,35.79499817,47,63.09999847,27,9989,2,0
304,01-11-2018,15.61999989,11,37.59999847,27,2753,3,0
305,02-11-2018,33.46300125,35,43.40000153,27,8918,4,0
306,03-11-2018,41.49200058,47,57.90000153,27,11965,5,0
307,04-11-2018,2.990999937,54,52.40000153,27,12252,6,1
308,05-11-2018,4.022999763,49,59.20000076,27,10623,0,0
309,06-11-2018,3.174999952,42,46,27,6968,1,0
310,07-11-2018,36.93999863,52,58.29999924,27,10082,2,0
311,08-11-2018,38.30099869,58,60.70000076,28,10770,3,0
312,09-11-2018,41.04600143,57,55.90000153,28,11903,4,0
313,10-11-2018,36.72999954,56,56.79999924,28,9295,5,0
314,11-11-2018,5.821000099,48,59.79999924,27,9470,6,1
315,12-11-2018,32.57500076,48,60.59999847,28,9494,0,0
316,13-11-2018,35.91699982,51,63.70000076,28,9726,1,0
317,14-11-2018,35.43199921,49,59.09999847,28,8697,2,0
318,15-11-2018,34.56399918,53,61.09999847,28,9139,3,0
319,16-11-2018,12.84500027,10,26.60000038,28,2263,4,0
320,17-11-2018,30.78199959,49,54.20000076,27,8554,5,0
321,18-11-2018,3.880000114,49,53.79999924,27,9352,6,1
322,19-11-2018,39.04700089,58,60.09999847,27,10197,0,0
323,20-11-2018,35.26100159,56,59.09999847,27,10279,1,0
324,21-11-2018,38.11199951,52,57,28,9362,2,0
325,22-11-2018,20.56100082,16,30.39999962,27,3701,3,0
326,23-11-2018,40.49499893,53,56.09999847,27,12224,4,0
327,24-11-2018,43.92300034,50,58.90000153,26,10960,5,0
328,25-11-2018,3.355999947,39,52.20000076,26,8102,6,1
329,26-11-2018,28.39999962,34,45.59999847,27,7193,0,0
330,27-11-2018,35.58399963,52,51.20000076,27,9777,1,0
331,28-11-2018,37.47600174,53,55.40000153,27,8912,2,0
332,29-11-2018,18.95899963,14,35.29999924,27,3344,3,0
333,30-11-2018,34.89099884,38,55.59999847,26,7706,4,0
334,01-12-2018,31.19199944,51,53.59999847,26,9162,5,0
335,02-12-2018,3.177999973,54,54.79999924,26,8821,6,1
336,03-12-2018,36.3730011,54,55,27,9945,0,0
337,04-12-2018,35.86500168,41,49.59999847,27,5720,1,0
338,05-12-2018,34.75999832,60,59.59999847,27,10859,2,0
339,06-12-2018,34.45700073,48,55.29999924,27,9368,3,0
340,07-12-2018,34.94200134,57,54.29999924,27,9850,4,0
341,08-12-2018,32.88800049,48,53.29999924,27,8606,5,0
342,09-12-2018,10.34399986,53,53.90000153,27,8885,6,1
343,10-12-2018,35.72399902,51,56.5,28,9315,0,0
344,11-12-2018,32.15999985,48,58.20000076,28,8443,1,0
345,12-12-2018,30.4810009,48,58.09999847,28,7708,2,0
346,13-12-2018,31.73399925,46,57.5,28,7656,3,0
347,14-12-2018,32.5909996,47,57,28,8469,4,0
348,15-12-2018,33.86700058,55,52.5,28,8103,5,0
349,16-12-2018,5.632999897,58,55.40000153,27,8821,6,1
350,17-12-2018,29.73600006,45,57.20000076,28,7332,0,0
351,18-12-2018,31.77099991,53,59.20000076,28,8629,1,0
352,19-12-2018,27.44599915,37,50.20000076,28,7145,2,0
353,20-12-2018,30.48699951,2,51.59999847,27,8188,3,0
354,21-12-2018,29.5720005,2,59.29999924,27,8405,4,0
355,22-12-2018,31.03000069,43,53.20000076,27,7965,5,0
356,23-12-2018,3.278000116,39,49,26,7286,6,1
357,24-12-2018,37.80799866,15,54.09999847,26,9987,0,0
358,25-12-2018,32.23199844,51,52.29999924,28,8861,1,1
359,26-12-2018,33.63299942,57,58.70000076,28,8936,2,0
360,27-12-2018,33.53300095,54,59.5,28,8338,3,0
361,28-12-2018,28.7689991,39,52,28,7390,4,0
362,29-12-2018,26.71800041,35,46,27,6952,5,0
363,30-12-2018,4.021999836,48,49.70000076,27,8304,6,1
364,31-12-2018,38.67200089,54,54,27,8850,0,0
365,01-01-2019,0,57,52.29999924,27,9186,1,1
366,02-01-2019,38.73099899,60,48.90000153,27,9125,2,0
367,03-01-2019,31.04800034,59,54.5,27,9513,3,0
368,04-01-2019,39.09199905,60,50.09999847,26,8994,4,0
369,05-01-2019,36.18899918,58,54.20000076,26,9396,5,0
370,06-01-2019,3.431999922,45,52.40000153,26,8905,6,1
371,07-01-2019,34.80699921,53,55.20000076,26,8701,0,0
372,08-01-2019,34.04100037,54,53.5,28,8628,1,0
373,09-01-2019,37.16899872,56,54.20000076,26,8873,2,0
374,10-01-2019,36.52000046,54,54.90000153,27,8802,3,0
375,11-01-2019,31.39699936,56,56.5,27,9012,4,0
376,12-01-2019,30.04500008,54,52.79999924,27,8338,5,0
377,13-01-2019,3.578999996,53,51.29999924,26,8330,6,1
378,14-01-2019,28.84499931,48,53.29999924,26,8063,0,1
379,15-01-2019,0,53,54.70000076,26,8707,1,0
380,16-01-2019,4.022999763,54,54.70000076,26,8604,2,0
381,17-01-2019,36.45800018,51,52.40000153,26,8981,3,0
382,18-01-2019,32.30199814,46,52.09999847,26,8038,4,0
383,19-01-2019,30.4260006,55,56.29999924,26,9242,5,0
384,20-01-2019,3.539000034,46,47.59999847,26,7560,6,1
385,21-01-2019,34.02399826,55,53.70000076,27,8300,0,0
386,22-01-2019,34.1590004,52,61.09999847,27,8573,1,0
387,23-01-2019,33.07600021,51,58.29999924,26,8204,2,0
388,24-01-2019,33.5719986,52,58,27,8114,3,0
389,25-01-2019,30.53100014,47,57.90000153,27,8210,4,0
390,26-01-2019,0,46,59,27,8354,5,1
391,27-01-2019,3.454999924,44,57.29999924,27,8613,6,1
392,28-01-2019,32.04100037,52,59.5,27,9128,0,0
393,29-01-2019,33.47999954,52,53.20000076,27,9292,1,0
394,30-01-2019,30.61899948,44,54.20000076,28,7731,2,0
395,31-01-2019,31.61599922,41,51.79999924,28,7841,3,0
396,01-02-2019,34.12400055,49,55.20000076,27,7673,4,0
397,02-02-2019,31.0359993,48,56.70000076,27,8345,5,0
398,03-02-2019,3.436000109,48,55.09999847,26,8150,6,1
399,04-02-2019,24.71999931,55,28.5,27,1508,0,0
400,05-02-2019,28.90200043,46,0,27,0,1,0
401,06-02-2019,35.50500107,52,57.59999847,27,8747,2,0
402,07-02-2019,37.36800003,41,59.5,28,8438,3,0
403,08-02-2019,36.24200058,46,61.90000153,28,8441,4,0
404,09-02-2019,33.99300003,43,58.40000153,28,8524,5,0
405,10-02-2019,3.286999941,47,54.59999847,28,8594,6,1
406,11-02-2019,38.70299911,47,50.90000153,28,8966,0,0
407,12-02-2019,36.66400146,49,52.09999847,28,8485,1,0
408,13-02-2019,36.01900101,47,54,28,7911,2,0
409,14-02-2019,36.28900146,45,57.59999847,29,8590,3,0
410,15-02-2019,36.2840004,47,62.20000076,27,9329,4,0
411,16-02-2019,33.6570015,44,63.5,28,8001,5,0
412,17-02-2019,7.962999821,44,66,29,7934,6,1
413,18-02-2019,35.48799896,41,65.5,29,8064,0,0
414,19-02-2019,35.34199905,39,58.40000153,28,8103,1,0
415,20-02-2019,37.3390007,44,56.90000153,29,8864,2,0
416,21-02-2019,36.22700119,47,56.29999924,28,8077,3,0
417,22-02-2019,36.47499847,46,55,28,8961,4,0
418,23-02-2019,34.27099991,53,58.09999847,28,8271,5,0
419,24-02-2019,5.269999981,43,57.59999847,28,8370,6,1
420,25-02-2019,37.85900116,39,61,28,8309,0,0
421,26-02-2019,35.65299988,36,63.20000076,28,8197,1,0
422,27-02-2019,33.12900162,37,60.59999847,28,7466,2,0
423,28-02-2019,31.62100029,36,64.19999695,28,7614,3,0
424,01-03-2019,34.90299988,35,63.40000153,28,9133,4,0
425,02-03-2019,33.08100128,28,58.20000076,28,9692,5,0
426,03-03-2019,4.309999943,26,63.20000076,29,9224,6,1
427,04-03-2019,34.97200012,27,63.40000153,29,9236,0,0
428,05-03-2019,34.95600128,20,62.29999924,28,9701,1,0
429,06-03-2019,33.47800064,20,63.20000076,28,8859,2,0
430,07-03-2019,33.875,16,65.30000305,28,9045,3,0
431,08-03-2019,32.1629982,17,60.29999924,28,9018,4,0
432,09-03-2019,31.70599937,20,63.29999924,28,9567,5,0
433,10-03-2019,3.749000072,25,63.40000153,29,9665,6,1
434,11-03-2019,35.22000122,22,60.90000153,29,9462,0,0
435,12-03-2019,35.45100021,23,60.79999924,29,9216,1,0
436,13-03-2019,34.87099838,34,58.09999847,28,9310,2,0
437,14-03-2019,41.2519989,36,56.90000153,29,9526,3,0
438,15-03-2019,35.73099899,34,60,29,9259,4,0
439,16-03-2019,36.1570015,34,57.40000153,28,9281,5,0
440,17-03-2019,3.454999924,33,61.79999924,29,9289,6,1
441,18-03-2019,35.20899963,36,62.70000076,29,9526,0,0
442,19-03-2019,34.73899841,32,62.59999847,28,9311,1,0
443,20-03-2019,34.88399887,32,64.59999847,29,9305,2,0
444,21-03-2019,33.59400177,31,64.5,28,8739,3,0
445,22-03-2019,33.75899887,29,63,29,8773,4,0
446,23-03-2019,33.00899887,30,64,29,8542,5,0
447,24-03-2019,3.246999979,30,66.40000153,29,8570,6,1
448,25-03-2019,34.43799973,30,60.40000153,30,8861,0,0
449,26-03-2019,34.61899948,30,59.79999924,30,8906,1,0
450,27-03-2019,34.60300064,30,62.5,30,9242,2,0
451,28-03-2019,33.96099854,29,62.20000076,29,8821,3,0
452,29-03-2019,31.54500008,29,64,29,8667,4,0
453,30-03-2019,31.69099998,27,64.30000305,29,8946,5,0
454,31-03-2019,5.96999979,18,65.80000305,29,9042,6,1
455,01-04-2019,33.04499817,27,64.59999847,29,9444,0,0
456,02-04-2019,31.99099922,26,62.90000153,29,8903,1,0
457,03-04-2019,33.63999939,27,62.70000076,29,10163,2,0
458,04-04-2019,33.89899826,26,63.29999924,29,9944,3,0
459,05-04-2019,35.13899994,27,65.19999695,29,10378,4,0
460,06-04-2019,40.36000061,27,65.30000305,29,9779,5,0
461,07-04-2019,13.29199982,24,66.5,30,9332,6,1
462,08-04-2019,43.61199951,24,65.69999695,30,9709,0,0
463,09-04-2019,43.34000015,23,63.90000153,29,9783,1,0
464,10-04-2019,42.61500168,24,64.90000153,29,9960,2,0
465,11-04-2019,44.70700073,25,65.69999695,29,9683,3,0
466,12-04-2019,43.15200043,23,65.59999847,29,9523,4,0
467,13-04-2019,39.55400085,25,63.20000076,29,9802,5,0
468,14-04-2019,2.954999924,21,64.80000305,30,9755,6,1
469,15-04-2019,42.98099899,21,65.5,31,9889,0,0
470,16-04-2019,43.04899979,21,67.40000153,30,10092,1,0
471,17-04-2019,43.24399948,24,65.90000153,29,10163,2,0
472,18-04-2019,2.515000105,16,64.69999695,30,9663,3,0
473,19-04-2019,43.73099899,17,64.5,30,10029,4,0
474,20-04-2019,41.66400146,14,67.19999695,29,10610,5,0
475,21-04-2019,4.460999966,16,62.59999847,29,11341,6,1
476,22-04-2019,39.35599899,15,61.40000153,29,10058,0,0
477,23-04-2019,42.92699814,15,64,28,10564,1,0
478,24-04-2019,41.66199875,15,63.59999847,28,10092,2,0
479,25-04-2019,0,2,0,28,0,3,0
480,26-04-2019,42.89899826,13,64.19999695,29,10099,4,0
481,27-04-2019,41.34799957,13,63.70000076,28,9778,5,0
482,28-04-2019,3.424000025,14,60.79999924,29,8107,6,1
483,29-04-2019,41.39099884,16,58.79999924,29,8426,0,0
484,30-04-2019,41.81499863,12,61.5,29,9125,1,0
485,02-05-2019,41.20999908,18,53.59999847,28,8531,3,0
486,03-05-2019,44.11700058,17,56.5,28,9633,4,0
487,04-05-2019,38.24499893,14,62.59999847,28,8640,5,0
488,05-05-2019,3.244999886,12,60.79999924,29,8757,6,1
489,06-05-2019,39.63299942,11,62.5,29,8780,0,0
490,07-05-2019,41.68700027,16,54.09999847,29,8876,1,0
491,08-05-2019,40.07500076,19,59.5,28,9122,2,0
492,09-05-2019,41.66600037,11,59.79999924,28,8470,3,0
493,10-05-2019,38.43899918,11,64.40000153,28,8742,4,0
494,11-05-2019,38.2179985,13,60.29999924,28,8301,5,0
495,12-05-2019,0,2,0,29,0,6,1
496,13-05-2019,39.44200134,12,61.70000076,29,8529,0,0
497,14-05-2019,38.97399902,17,62.40000153,38.86299896,8684,1,0
498,15-05-2019,38.99900055,12,62.90000153,38.99900055,8837,2,0
499,16-05-2019,40.66500092,17,63,40.66500092,8717,3,0
500,17-05-2019,37.66899872,17,62.70000076,37.66899872,8288,4,0
501,18-05-2019,39.13600159,18,64.90000153,39.13600159,8662,5,0
502,19-05-2019,3.405999899,17,65.19999695,22,8754,6,1
503,20-05-2019,42.05099869,17,64.90000153,42.05099869,9206,0,0
504,21-05-2019,39.27199936,17,63.59999847,39.27199936,8839,1,0
505,22-05-2019,39.82400131,13,63.09999847,39.82400131,8671,2,0
